{
    "lights": [
        {
            "color": [
                1.0, 
                1.0, 
                1.0
            ], 
            "rotation": [
                1.129837989807129, 
                0.533422589302063, 
                0.8226417303085327
            ], 
            "light-type": "directional", 
            "name": "Hemi"
        }
    ], 
    "camera": {
        "fov": 0.48237527534365654, 
        "name": "Camera", 
        "far": 100.0, 
        "near": 0.10000000149011612, 
        "position": [
            7.481131553649902, 
            -6.5076398849487305, 
            5.34366512298584
        ], 
        "rotation": [
            1.1093189716339111, 
            0.010816991329193115, 
            0.8149281740188599
        ]
    }, 
    "meshes": [
        {
            "position": [
                0.0, 
                0.0, 
                0.0
            ], 
            "rotation": [
                0.0, 
                0.0, 
                0.0
            ], 
            "scale": [
                1.0, 
                1.0, 
                1.0
            ], 
            "name": "Cube"
        }
    ], 
    "world": {
        "horizon-color": [
            0.05087608844041824, 
            0.05087608844041824, 
            0.05087608844041824
        ], 
        "fog": {
            "color": [
                0.05087608844041824, 
                0.05087608844041824, 
                0.05087608844041824
            ], 
            "start": 5.0, 
            "end": 30.0, 
            "enabled": false, 
            "mode": "linear"
        }, 
        "zenith-color": [
            0.010022825561463833, 
            0.010022825561463833, 
            0.010022825561463833
        ], 
        "ambient-color": [
            0.0, 
            0.0, 
            0.0
        ]
    }
}