{
    "lights": [
        {
            "name": "Lamp", 
            "color": [
                1.0, 
                1.0, 
                1.0
            ], 
            "quadratic-falloff": 0.0, 
            "light-type": "point", 
            "linear-falloff": 0.0022222247653559154, 
            "position": [
                1.2553141117095947, 
                -0.26400041580200195, 
                2.4561548233032227
            ], 
            "constant-falloff": 1.0
        }
    ], 
    "camera": {
        "fov": 0.48237527534365654, 
        "name": "Camera", 
        "far": 100.0, 
        "near": 0.10000000149011612, 
        "position": [
            12.732583045959473, 
            -11.404674530029297, 
            8.914165496826172
        ], 
        "rotation": [
            1.1093189716339111, 
            0.010816991329193115, 
            0.8149281740188599
        ]
    }, 
    "meshes": [
        {
            "position": [
                0.0, 
                0.0, 
                0.0
            ], 
            "rotation": [
                0.0, 
                0.0, 
                0.0
            ], 
            "scale": [
                1.0, 
                1.0, 
                1.0
            ], 
            "name": "Cube"
        }
    ], 
    "world": {
        "horizon-color": [
            0.0, 
            0.06457047909498215, 
            0.45752182602882385
        ], 
        "fog": {
            "color": [
                0.0, 
                0.06457047909498215, 
                0.45752182602882385
            ], 
            "start": 5.0, 
            "end": 30.0, 
            "enabled": true, 
            "mode": "linear"
        }, 
        "zenith-color": [
            0.010022825561463833, 
            0.010022825561463833, 
            0.010022825561463833
        ], 
        "ambient-color": [
            0.0, 
            0.0, 
            0.0
        ]
    }
}