{
    "lights": [
        {
            "name": "Lamp", 
            "color": [
                1.0, 
                1.0, 
                1.0
            ], 
            "quadratic-falloff": 0.0, 
            "light-type": "point", 
            "linear-falloff": 0.0022222247653559154, 
            "position": [
                4.076245307922363, 
                1.0054539442062378, 
                5.903861999511719
            ], 
            "constant-falloff": 1.0
        }
    ], 
    "camera": {
        "fov": 1.57079632679489661923, 
        "name": "Camera", 
        "far": 100.0, 
        "near": 0.10000000149011612, 
        "position": [
            10.771815299987793, 
            -9.072357177734375, 
            5.935372829437256
        ], 
        "rotation": [
            1.1093189716339111, 
            0.010816991329193115, 
            0.8149281740188599
        ]
    }, 
    "meshes": [
        {
            "position": [
                -4.0, 
                0.0, 
                0.0
            ], 
            "rotation": [
                0.0, 
                0.0, 
                0.0
            ], 
            "scale": [
                1.0, 
                1.0, 
                1.0
            ], 
            "name": "Cone"
        }, 
        {
            "position": [
                0.0, 
                -4.0, 
                0.0
            ], 
            "rotation": [
                0.0, 
                0.0, 
                0.0
            ], 
            "scale": [
                1.0, 
                1.0, 
                1.0
            ], 
            "name": "Cylinder"
        }, 
        {
            "position": [
                0.0, 
                4.0, 
                0.0
            ], 
            "rotation": [
                0.0, 
                0.0, 
                0.0
            ], 
            "scale": [
                1.0, 
                1.0, 
                1.0
            ], 
            "name": "Sphere"
        }, 
        {
            "position": [
                5.0, 
                0.0, 
                0.0
            ], 
            "rotation": [
                0.0, 
                0.0, 
                0.0
            ], 
            "scale": [
                1.0, 
                1.0, 
                1.0
            ], 
            "name": "Cube"
        }
    ], 
    "world": {
        "horizon-color": [
            0.05087608844041824, 
            0.05087608844041824, 
            0.05087608844041824
        ], 
        "fog": {
            "color": [
                0.05087608844041824, 
                0.05087608844041824, 
                0.05087608844041824
            ], 
            "start": 5.0, 
            "end": 30.0, 
            "enabled": false, 
            "mode": "linear"
        }, 
        "zenith-color": [
            0.010022825561463833, 
            0.010022825561463833, 
            0.010022825561463833
        ], 
        "ambient-color": [
            0.0, 
            0.0, 
            0.0
        ]
    }
}
