{
    "lights": [
        {
            "name": "Lamp", 
            "color": [
                1.340000033378601, 
                1.340000033378601, 
                1.340000033378601
            ], 
            "quadratic-falloff": 0.0, 
            "light-type": "point", 
            "linear-falloff": 0.0022222247653559154, 
            "position": [
                -2.0992178916931152, 
                2.0725724697113037, 
                0.7122761011123657
            ], 
            "constant-falloff": 1.0
        }
    ], 
    "camera": {
        "fov": 1.0471975803375244, 
        "name": "Camera", 
        "far": 100.0, 
        "near": 0.10000000149011612, 
        "position": [
            2.506470203399658, 
            -2.1819276809692383, 
            1.5710101127624512
        ], 
        "rotation": [
            1.1093189716339111, 
            0.010816991329193115, 
            0.8149281740188599
        ]
    }, 
    "meshes": [
        {
            "position": [
                0.0, 
                0.0, 
                0.0
            ], 
            "rotation": [
                0.0, 
                0.0, 
                0.0
            ], 
            "scale": [
                1.0, 
                1.0, 
                1.0
            ], 
            "name": "Plane"
        }
    ], 
    "world": {
        "horizon-color": [
            0.05087608844041824, 
            0.05087608844041824, 
            0.05087608844041824
        ], 
        "fog": {
            "color": [
                0.05087608844041824, 
                0.05087608844041824, 
                0.05087608844041824
            ], 
            "start": 5.0, 
            "end": 30.0, 
            "enabled": false, 
            "mode": "linear"
        }, 
        "zenith-color": [
            0.010022825561463833, 
            0.010022825561463833, 
            0.010022825561463833
        ], 
        "ambient-color": [
            0.0, 
            0.0, 
            0.0
        ]
    }
}