{
    "lights": [
        {
            "name": "Lamp", 
            "color": [
                1.0, 
                1.0, 
                1.0
            ], 
            "energy": 1.0, 
            "light_type": "point", 
            "position": [
                4.076245307922363, 
                1.0054539442062378, 
                5.903861999511719
            ], 
            "rotation": [
                0.6503279805183411, 
                0.055217113345861435, 
                1.8663908243179321
            ]
        }
    ], 
    "camera": {
        "fov": 0.8575560450553894, 
        "name": "Camera", 
        "far": 100.0, 
        "near": 0.10000000149011612, 
        "position": [
            7.481131553649902, 
            -6.5076398849487305, 
            5.34366512298584
        ], 
        "rotation": [
            1.1093189716339111, 
            0.010816991329193115, 
            0.8149281740188599
        ]
    }, 
    "meshes": [
        {
            "position": [
                0.0, 
                0.0, 
                0.0
            ], 
            "rotation": [
                0.0, 
                0.0, 
                0.0
            ], 
            "scale": [
                1.0, 
                1.0, 
                1.0
            ], 
            "name": "Cube"
        }
    ], 
    "world": {
        "fog-mode": "linear", 
        "fog-end": 30.0, 
        "fog-color": [
            0.05087608844041824, 
            0.05087608844041824, 
            0.05087608844041824
        ], 
        "fog-start": 5.0
    }
}