{
    "lights": [
        {
            "spot-cutoff": 1.3089969158172607, 
            "constant-falloff": 1.0, 
            "color": [
                1.0, 
                1.0, 
                1.0
            ], 
            "spot-exponent": 19.200000762939453, 
            "quadratic-falloff": 0.0, 
            "light-type": "spot", 
            "linear-falloff": 0.0022222247653559154, 
            "position": [
                2.2910900115966797, 
                1.0285612344741821, 
                2.678180694580078
            ], 
            "rotation": [
                0.6503279805183411, 
                0.055217113345861435, 
                1.8663908243179321
            ], 
            "name": "Lamp"
        }
    ], 
    "camera": {
        "fov": 0.48237527534365654, 
        "name": "Camera", 
        "far": 100.0, 
        "near": 0.10000000149011612, 
        "position": [
            7.481131553649902, 
            -6.5076398849487305, 
            5.34366512298584
        ], 
        "rotation": [
            1.1093189716339111, 
            0.010816991329193115, 
            0.8149281740188599
        ]
    }, 
    "meshes": [
        {
            "position": [
                0.0, 
                0.0, 
                0.0
            ], 
            "rotation": [
                0.0, 
                0.0, 
                0.0
            ], 
            "scale": [
                3.59686017036438, 
                3.59686017036438, 
                3.59686017036438
            ], 
            "name": "Plane"
        }
    ], 
    "world": {
        "horizon-color": [
            0.05087608844041824, 
            0.05087608844041824, 
            0.05087608844041824
        ], 
        "fog": {
            "color": [
                0.05087608844041824, 
                0.05087608844041824, 
                0.05087608844041824
            ], 
            "start": 5.0, 
            "end": 30.0, 
            "enabled": false, 
            "mode": "linear"
        }, 
        "zenith-color": [
            0.010022825561463833, 
            0.010022825561463833, 
            0.010022825561463833
        ], 
        "ambient-color": [
            0.0, 
            0.0, 
            0.0
        ]
    }
}