{
    "lights": [
        {
            "name": "Point.003", 
            "color": [
                1.0, 
                1.0, 
                1.0
            ], 
            "quadratic-falloff": 0.0, 
            "light-type": "point", 
            "linear-falloff": 8.0, 
            "position": [
                -2.0390970706939697, 
                -2.1164278984069824, 
                0.5843957662582397
            ], 
            "constant-falloff": 1.0
        }, 
        {
            "name": "Point.002", 
            "color": [
                1.0, 
                1.0, 
                1.0
            ], 
            "quadratic-falloff": 0.0, 
            "light-type": "point", 
            "linear-falloff": 8.0, 
            "position": [
                -2.2151341438293457, 
                2.4752073287963867, 
                0.5843957662582397
            ], 
            "constant-falloff": 1.0
        }, 
        {
            "name": "Point.001", 
            "color": [
                1.0, 
                1.0, 
                1.0
            ], 
            "quadratic-falloff": 0.0, 
            "light-type": "point", 
            "linear-falloff": 8.0, 
            "position": [
                2.5085291862487793, 
                2.372519016265869, 
                0.5843957662582397
            ], 
            "constant-falloff": 1.0
        }, 
        {
            "name": "Point", 
            "color": [
                1.0, 
                1.0, 
                1.0
            ], 
            "quadratic-falloff": 0.0, 
            "light-type": "point", 
            "linear-falloff": 8.0, 
            "position": [
                2.3324921131134033, 
                -1.9550598859786987, 
                0.5843957662582397
            ], 
            "constant-falloff": 1.0
        }
    ], 
    "camera": {
        "fov": 1.0471975803375244, 
        "name": "Camera", 
        "far": 100.0, 
        "near": 0.10000000149011612, 
        "position": [
            7.481131553649902, 
            -6.5076398849487305, 
            5.34366512298584
        ], 
        "rotation": [
            1.1093189716339111, 
            0.010816991329193115, 
            0.8149281740188599
        ]
    }, 
    "meshes": [
        {
            "position": [
                0.0, 
                0.0, 
                0.0
            ], 
            "rotation": [
                0.0, 
                0.0, 
                0.0
            ], 
            "scale": [
                1.0, 
                1.0, 
                1.0
            ], 
            "name": "Plane"
        }
    ], 
    "world": {
        "horizon-color": [
            0.05087608844041824, 
            0.05087608844041824, 
            0.05087608844041824
        ], 
        "fog": {
            "color": [
                0.05087608844041824, 
                0.05087608844041824, 
                0.05087608844041824
            ], 
            "start": 5.0, 
            "end": 30.0, 
            "enabled": false, 
            "mode": "linear"
        }, 
        "zenith-color": [
            0.010022825561463833, 
            0.010022825561463833, 
            0.010022825561463833
        ], 
        "ambient-color": [
            0.0, 
            0.0, 
            0.0
        ]
    }
}