{
    "lights": [
        {
            "name": "Point.001", 
            "color": [
                1.0, 
                1.0, 
                1.0
            ], 
            "quadratic-falloff": 0.0, 
            "light-type": "point", 
            "linear-falloff": 0.0032, 
            "position": [
                3.1616861820220947, 
                15.176095008850098, 
                0.0
            ], 
            "constant-falloff": 1.0
        }, 
        {
            "name": "Point", 
            "color": [
                1.0, 
                1.0, 
                1.0
            ], 
            "quadratic-falloff": 0.0, 
            "light-type": "point", 
            "linear-falloff": 0.0032, 
            "position": [
                -0.2874259948730469, 
                3.88025164604187, 
                0.0
            ], 
            "constant-falloff": 1.0
        }, 
        {
            "color": [
                1.0, 
                1.0, 
                1.0
            ], 
            "rotation": [
                0.9492167830467224, 
                0.15137432515621185, 
                -0.2949814796447754
            ], 
            "light-type": "directional", 
            "name": "Lamp.001"
        }
    ], 
    "camera": {
        "fov":  1.0,
        "name": "Camera", 
        "far": 100.0, 
        "near": 0.10000000149011612, 
        "position": [
            15.994698524475098, 
            -17.734817504882812, 
            11.653081893920898
        ], 
        "rotation": [
            1.1093189716339111, 
            0.010816991329193115, 
            0.6418406367301941
        ]
    }, 
    "meshes": [
        {
            "position": [
                -0.2395302653312683, 
                9.102150917053223, 
                0.0
            ], 
            "rotation": [
                0.0, 
                0.0, 
                0.0
            ], 
            "scale": [
                1.0, 
                1.0, 
                1.0
            ], 
            "name": "Sphere"
        }
    ], 
    "world": {
        "horizon-color": [
            0.05087608844041824, 
            0.05087608844041824, 
            0.05087608844041824
        ], 
        "fog": {
            "color": [
                0.05087608844041824, 
                0.05087608844041824, 
                0.05087608844041824
            ], 
            "start": 5.0, 
            "end": 30.0, 
            "enabled": false, 
            "mode": "linear"
        }, 
        "zenith-color": [
            0.010022825561463833, 
            0.010022825561463833, 
            0.010022825561463833
        ], 
        "ambient-color": [
            0.0, 
            0.0, 
            0.0
        ]
    }
}
